﻿{"cameraMode":{"drawMode":0,"name":"Shaded","section":"Shading Mode"},"sceneLighting":true,"audioPlay":false,"sceneViewState":{"showFog":true,"showMaterialUpdate":false,"showSkybox":false,"showFlares":true,"showImageEffects":true,"showParticleSystems":true},"in2DMode":false,"pivot":{"x":1.0422844886779786,"y":16.434059143066408,"z":160.6033935546875},"rotation":{"x":-0.32256826758384707,"y":0.01789373904466629,"z":-0.00609914306551218,"w":-0.9463574290275574},"size":35.424747467041019,"orthographic":false}